petrol,diesel,gbp,eur
0.5425036560646597,0.4574963439353403,0.02836667661988653,0.9716333233801134
